Title,Directions,Quantity,Unit01,Ingredient01,Quantity02,Unit02,Ingredient02,Quantity03,Unit03,Ingredient03,Quantity04,Unit04,Ingredient04,Quantity05,Unit05,Ingredient05,Quantity06,Unit06,Ingredient06,Quantity07,Unit07,Ingredient07,Quantity08,Unit08,Ingredient08,Quantity09,Unit09,Ingredient09,Quantity10,Unit10,Ingredient10,Quantity11,Unit11,Ingredient11,Quantity12,Unit12,Ingredient12,Quantity13,Unit13,Ingredient13,Quantity14,Unit14,Ingredient14,Quantity15,Unit15,Ingredient15,Quantity16,Unit16,Ingredient16,Quantity17,Unit17,Ingredient17,Quantity18,Unit18,Ingredient18,Quantity19,Unit19,Ingredient19,Category,Image_Name
Bolo de Café com Mirtilo,"Misture a manteiga, 1 xícara de açúcar, farinha, 2 ovos, 2 colheres de chá de baunilha, fermento em pó e leite para fazer a massa do bolo. Misture facilmente. Adicione 3 xícaras de mirtilos. Coloque 2 1/2 xícaras de massa na forma. Misture o cream cheese, 1/2 xícara de açúcar, 1 ovo, suco de limão e 1 colher de chá de baunilha para fazer o recheio. Coloque o recheio sobre a massa. Cubra com a massa restante. Faça a cobertura de streusel com farinha, manteiga, açúcar mascavo e canela. Polvilhe sobre o bolo. Asse a 375 graus por 1 hora e 5 minutos. Verifique após 50 minutos.",12,onças,cream cheese,1 1/2,xícaras,açúcar,3,,ovos,1,colher de sopa,suco de limão,3,colheres de chá,baunilha,1/4,xícara,manteiga,4,xícaras,farinha,1,colher de sopa + 1 colher de chá,fermento em pó,1,xícara,leite,3,xícaras,mirtilos,,,,,,,,,,,,,,,,,,,,,,,,,,,,Bolos,cake-blueberry-coffee
Bolo de Chocolate,"Misture todos os ingredientes. Despeje 1 xícara de água fervente. Misture bem. Asse por cerca de 35 minutos a 375 graus.",1/2,xícara,margarina,2,xícaras,açúcar,2,,ovos,5,colheres de sopa,cacau,1/2,colher de chá,sal,1/2,xícara,leite azedo,2,colheres de chá,bicarbonato de sódio,2,xícaras,farinha,1/2,colher de chá,cravos,1,colher de chá,baunilha,,,,,,,,,,,,,,,,,,,,,,,,,,,,Bolos,cake-chocolate
Bolo de Maionese com Chocolate,Rende 1 bolo de 2 camadas.,3,xícaras,farinha,1 1/2,xícaras,açúcar,1/3,xícara,cacau,2 1/4,colheres de chá,fermento em pó,1 1/2,colheres de chá,bicarbonato de sódio,1 1/2,xícaras,Maionese Best Foods,1 1/2,xícaras,água,1 1/2,colheres de chá,baunilha,,,,,,,,,,,,,,,,,,,,,,,,,,,,,,,,,,Bolos,cake-maionese-chocolate
Bolo Louco,"Misture bem os 5 primeiros ingredientes, por cerca de 4 minutos. Asse a 350 graus em uma forma de 9x13 por 35 minutos. Faça furos no bolo quente e despeje a mistura de açúcar de confeiteiro e suco de limão.",1,caixa,mistura para bolo de limão,3/4,xícara,água,1,pacote pequeno,gelatina de limão,3/4,xícara,óleo vegetal,4,,ovos,2,xícaras,açúcar de confeiteiro,1/2,xícaras,suco de limão,,,,,,,,,,,,,,,,,,,,,,,,,,,,,,,,,,,,,Bolos,
Bolo de Maçã Fresca,"Misture bem as maçãs e o açúcar. Adicione o óleo, as nozes e os ovos. Adicione a baunilha e os ingredientes secos. Asse a 350 graus por 40-45 minutos. Sirva com chantilly ou cubra com cobertura de cream cheese.",4,xícaras,maçãs em cubos,2,xícaras,açúcar,1,xícaras,nozes picadas,2,,"ovos, bem batidos",2,colheres de chá,baunilha,2,xícaras,farinha,2,colheres de chá,fermento em pó,2,colheres de chá,canela,1/2,xícaras,óleo vegetal,1,colher de chá,bicarbonato de sódio,1,colher de chá,sal,,,,,,,,,,,,,,,,,,,,,,,,,Bolos,
Bolo de Pera Fresca,"Unte e enfarinhe uma forma redonda de 9 polegadas. Descasque e fatie as peras. Misture os ovos, o açúcar, o leite e o sal. Adicione a farinha, misture bem. Incorpore metade das peras na massa. Despeje na forma, arrume as peras restantes por cima. Salpique com manteiga. Asse a 350 graus por cerca de 55 minutos. Polvilhe com açúcar de confeiteiro.",2,colheres de sopa,manteiga,1 1/2,xícaras,farinha,3,,peras,2,,ovos,1,xícara,açúcar,1/2,xícara,leite,1/8,colher de chá,sal,,,açúcar de confeiteiro,,,,,,,,,,,,,,,,,,,,,,,,,,,,,,,,,,Bolos,
Bolo de Biscoito Graham,"Bata a manteiga e o açúcar. Adicione os biscoitos triturados, o leite azedo e o bicarbonato. Incorpore as nozes. Asse em uma forma quadrada de 10 polegadas. Asse em forno a 350 graus por 30-35 minutos. Sirva com chantilly ou glacê ralo de açúcar de confeiteiro.",1/2,xícara,manteiga,1,xícara,açúcar,1,xícara,leite azedo,32,,"biscoitos graham, triturados",1,colher de chá,bicarbonato de sódio,1,xícara,nozes picadas,,,,,,,,,,,,,,,,,,,,,,,,,,,,,,,,,,,,,,,,Bolos,
Bolo de Chocolate com Água Quente,"Misture todos os ingredientes. Despeje 1 xícara de água fervente. Misture bem. Asse por cerca de 35 minutos a 375 graus.",1/2,xícara,margarina,2,xícaras,açúcar,2,,ovos,5,colheres de sopa,cacau,1/2,colher de chá,sal,1/2,xícara,leite azedo,2,colheres de chá,bicarbonato de sódio,2,xícaras,farinha,1/2,colher de chá,cravos,1,colher de chá,baunilha,,,,,,,,,,,,,,,,,,,,,,,,,,,,Bolos,
Cheesecake Urso Faminto,"Combine os 5 primeiros ingredientes para fazer a crosta. Guarde 1/4 de xícara para a cobertura. Pressione o restante das migalhas uniformemente no fundo e cerca de 2 polegadas para cima nas laterais de uma forma de mola de 9 polegadas. Prepare o recheio: bata o cream cheese e o queijo cottage até ficar homogêneo. Adicione os ovos, um de cada vez, batendo bem. Misture o suco de limão e a baunilha. Misture o açúcar, a farinha e o sal. Adicione à mistura de queijo. Despeje na crosta. Asse a 350 graus até firmar, cerca de 35 a 40 minutos. Combine os ingredientes da cobertura (creme de leite, açúcar, baunilha e sal). Espalhe uniformemente sobre o cheesecake quente. Volte ao forno até o creme firmar, cerca de 5 minutos. Esfrie na forma sobre uma gradinha. Polvilhe as migalhas reservadas ao redor da borda do bolo.",1/4,xícara,"germe de trigo, opcional",1 3/4,xícara,migalhas de biscoito graham,3,colheres de sopa,açúcar,1,colher de chá,canela,1/3,xícara,manteiga derretida,1/2,pote,creme de leite,1/3,xícara,açúcar,1,colher de chá,baunilha,1/8,colher de chá,sal,8,onças,cream cheese,1/2,pote,queijo cottage,4,,ovos,1,colher de sopa,suco de limão,2,colheres de chá,baunilha,2/3,xícara,açúcar,2,colheres de sopa,farinha,2,colheres de sopa,farinha,1/4,colher de chá,sal,,,,Bolos,
Bolo de Limão com Semente de Papoula,"Misture tudo por 4 minutos. Asse a 350 graus por 40 minutos.",1,pacote,mistura para bolo de limão,4,,ovos,1,pacote pequeno,pudim instantâneo de limão,1,xícara,água,1/2,xícara,óleo,1/4,xícara,sementes de papoula,,,,,,,,,,,,,,,,,,,,,,,,,,,,,,,,,,,,,,,,Bolos,
Bolo de Frutas Leve à Moda Antiga,"Peneire os ingredientes secos em uma tigela de 4 litros. Adicione as frutas e as nozes. Misture até ficarem bem cobertas. Reserve. Bata a manteiga, adicione gradualmente o açúcar e bata até ficar fofo. Adicione os ovos um de cada vez, batendo bem após cada adição. Adicione o conhaque. Combine com a mistura de frutas. Misture bem. Despeje em uma forma de tubo de 10 polegadas ou quatro latas de café de 1 libra forradas com papel alumínio, preenchendo as formas até 2/3. Asse em forno baixo, 275 graus por 2 3/4 a 3 horas. Cerca de 1/2 hora antes de terminar, pincele levemente com mel ou xarope de milho claro. Esfrie completamente e depois embrulhe firmemente em papel alumínio para armazenar por várias semanas. Pincele com conhaque cerca de uma vez por semana.",4,xícaras,farinha peneirada,1/2,colher de chá,fermento em pó,1 1/2,colheres de chá,sal,1 1/2,colheres de chá,canela,1,colher de chá,noz-moscada,24,onças,nozes pecãs inteiras,1 3/4,xícaras,"abacaxi em lata, picado",1 3/4,xícaras,cerejas em lata inteiras,3 1/4,xícaras,uvas passas douradas,1,xícara,manteiga,2 1/4,xícaras,açúcar,6,,ovos,3,colheres de sopa,essência de conhaque,,,,,,,,,,,,,,,,,,,Bolos,
Meu Melhor Pão de Gengibre,"Asse em forma untada por 35 minutos a 325-350 graus.",1/2,xícara,açúcar,1/2,xícara,manteiga,1,,ovo,1,xícara,melaço,2 1/2,xícaras,farinha peneirada,1 1/2,colheres de chá,bicarbonato de sódio,1,colher de chá,canela,1,colher de chá,gengibre,1/2,colher de chá,cravos,1/2,colher de chá,sal,1,xícara,água quente,,,,,,,,,,,,,,,,,,,,,,,,,Bolos,
Bolo de Aveia,"Despeje a água sobre a aveia. Deixe repousar por 20 minutos. Adicione os ingredientes restantes do bolo. Misture bem e despeje em uma forma de 9""x12"" untada. Deixe descansar enquanto prepara a cobertura. Para preparar a cobertura: Misture todos os ingredientes em fogo baixo, até a manteiga derreter. Coloque sobre o bolo cru. Asse por 45 minutos a 350 graus.",1,xícara,aveia,1 1/4,xícaras,água fervente,1,xícara,açúcar mascavo,1,xícara,açúcar branco,1/2,xícara,margarina,2,,ovos,1 1/3,xícaras,farinha,1/2,colher de chá,sal,1,colher de chá,bicarbonato de sódio,1,colher de chá,noz-moscada,1,colher de chá,canela,1,xícara,nozes picadas,1/2,xícara,leite evaporado,6,colheres de sopa,manteiga,1,xícara,coco,1,colher de chá,amendoim valencia,,,,,,,,,,Bolos,
Bolo Angel Food de Laranja,"Prepare o bolo angel food conforme as instruções da embalagem, mas despeje 1/3 de xícara do suco de laranja descongelado em uma medida de 2 xícaras e adicione água suficiente para que a mistura seja igual à quantidade de água pedida nas instruções da embalagem. Continue a preparar o bolo conforme as instruções, assando a massa em uma forma de tubo de 10 polegadas não untada. Inverta imediatamente o bolo, deixando na forma. Esfrie completamente. Solte as laterais do bolo da forma; remova o bolo. Para fazer a cobertura, em uma tigela média, misture delicadamente a cobertura descongelada e o iogurte. Incorpore o restante do concentrado de suco de laranja. Espalhe a mistura da cobertura sobre o topo e as laterais do bolo.",1,pacote de 15-16 onças,mistura para bolo angel food,3/4,xícara,"concentrado de suco de laranja congelado, descongelado",1,embalagem,"cobertura leve batida congelada, descongelada",1/2,xícara ,iogurte natural desnatado,,,,,,,,,,,,,,,,,,,,,,,,,,,,,,,,,,,,,,,,,,,,,,Bolos,
Bolo de Libra de Laranja e Semente de Papoula,"Pré-aqueça o forno a 325 graus. Unte e enfarinhe uma forma de pão de 9x5x3 polegadas; retire o excesso de farinha. Em uma tigela grande, bata a manteiga amolecida, o açúcar, a baunilha e a casca de laranja até ficar pálido e fofo. Adicione a farinha e depois os ingredientes restantes, exceto o glacê (açúcar de confeiteiro e 2 1/2 colheres de chá de suco de laranja). Misture até ficar bem homogêneo. Espalhe na forma preparada. Com o cabo de uma colher de pau, faça um corte de 1/2 polegada de profundidade no centro do comprimento da massa. Asse por 50-60 minutos, até que um palito inserido no centro saia limpo. Esfrie na forma sobre uma gradinha por 30 minutos; inverta sobre a gradinha; remova a forma. Esfrie completamente. Para preparar o glacê, feche o açúcar de confeiteiro e o suco de laranja em um saco pequeno com zíper. Massageie suavemente a mistura com os dedos até ficar homogêneo e liso. Corte um canto do saco. Regue o glacê sobre o bolo. Deixe descansar por 1 hora ou até o glacê firmar.",1,xícara,"manteiga sem sal, amolecida",1,xícara,açúcar,2,colheres de chá,baunilha,2,colheres de chá,raspas de laranja,2 1/4,xícaras,farinha de bolo não peneirada,1/2,xícara,suco de laranja fresco,4,grandes,ovos,3/4,colher de chá,fermento em pó,1/4,colher de chá,bicarbonato de sódio,1/4,colher de chá,sal,2,colheres de sopa,sementes de papoula,1/2,xícara,açúcar de confeiteiro,2 1/2,colheres de chá,suco de laranja fresco,,,,,,,,,,,,,,,,,,,Bolos,
Bolo de Abacaxi,"Espalhe o abacaxi na assadeira. Polvilhe a mistura para bolo sobre ele. Pique a manteiga por cima. Polvilhe com amêndoas. Asse a 350 graus por 30 minutos.",1, lata de 2 libras,abacaxi triturado,1,pacote,mistura para bolo amarelo,1,cubo,manteiga,1,pacote,amêndoas fatiadas,,,,,,,,,,,,,,,,,,,,,,,,,,,,,,,,,,,,,,,,,,,,,,Bolos,
Bolo de Abacaxi e Cenoura*,"Misture todos os ingredientes do bolo. Asse em uma forma de 9""x13"" untada e enfarinhada a 350 graus por 35 minutos. Cubra quando esfriar.",1,xícara,óleo,2,xícaras,açúcar,4,,ovos,2,xícaras,farinha,1,colher de chá,bicarbonato de sódio,1/2,colher de chá,sal,1,colher de chá,canela,1,colher de chá,baunilha,1,xícara,"abacaxi triturado, escorrido",2,xícaras,cenouras raladas,1,xícara,nozes picadas,3,onças,cream cheese,1/4,libra,margarina,2,xícaras,açúcar de confeiteiro,1,colher de chá,baunilha,2,colheres de sopa,água,,,,,,,,,,Bolos,
Bolo de Batata,"Misture na ordem dada. Asse a 350 graus por 25 minutos em duas formas de 9"".",2,xícaras,açúcar,1,xícara,gordura,1/2,xícara,leite,1,xícara,batatas amassadas,4,,"ovos, batidos separadamente",2,xícaras,farinha,2,colheres de chá,fermento em pó,2,colheres de chá,cacau,1,xícara,nozes picadas,1,colher de chá,baunilha,,,,,,,,,,,,,,,,,,,,,,,,,,,,Bolos,
Cheesecake de Abóbora com Redemoinho,"CROSTA: Combine as migalhas e a margarina derretida, pressione no fundo e nas laterais de uma forma de mola de 9 polegadas. RECHEIO: Combine o queijo, 1/2 xícara de açúcar e a baunilha. Misture em velocidade média até ficar bem homogêneo. Adicione os ovos, um de cada vez. Reserve 1 xícara desta mistura, em seguida, adicione a abóbora, o açúcar restante e as especiarias à mistura de queijo restante. Misture bem. Coloque metade da mistura de abóbora e metade da mistura de queijo sobre a crosta. Repita as camadas. Passe a faca pela massa várias vezes para marmorizar. Asse a 350 graus por 55 minutos. Solte da borda da forma. Esfrie antes de remover. Leve à geladeira.",2,xícaras,migalhas de biscoito de baunilha,1/4,xícaras,margarina derretida,2,pacotes de 8 onças,cream cheese light,3/4,xícaras,açúcar,1,colher de chá,baunilha,3,,ovos,1,xícara,abóbora,3/4,colher de chá,canela,1/4,colher de chá,noz-moscada,,,,,,,,,,,,,,,,,,,,,,,,,,,,,,,Bolos,
Cheesecake de Geladeira,"Triture os flocos, misture com a manteiga e o açúcar. Pressione 3/4 da mistura em uma forma de mola. Leve à geladeira. Amoleça a gelatina na água. Bata as gemas levemente; misture o sal, o açúcar e o leite. Cozinhe em banho-maria ou em fogo muito baixo. Mexa constantemente até engrossar. Retire do fogo. Misture a gelatina amolecida. Esfrie. Bata o queijo até ficar cremoso. Combine com a casca e o suco de limão. Adicione à mistura de gelatina, misturando bem. Bata o creme de leite até ficar firme. Bata as claras em neve até ficarem firmes, mas não secas. Incorpore a mistura de queijo ao chantilly. Espalhe na forma sobre a mistura de migalhas. Polvilhe as migalhas restantes por cima. Leve à geladeira até firmar.",4,xícaras,flocos de milho,1/3,xícara,manteiga,1/4,xícara,açúcar,1 1/2,colheres de sopa,gelatina,1/2,xícara,água fria,2,,"ovos, separados",1/2,colher de chá,sal,1/2,xícara,leite,1,libra,queijo cottage,1,colher de chá,raspas de limão,1/4,xícara,suco de limão,1/2,xícara,creme de leite fresco,,,,,,,,,,,,,,,,,,,,,,Bolos,
Bolo de Vinho Xerez,"Bata por 5 minutos. Asse por 45 minutos a 350 graus em forma de anjo untada e enfarinhada. Reduza para 300 graus após 20 minutos.",1,pacote,mistura para bolo amarelo,1,pacote,pudim instantâneo de baunilha,4,,ovos,3/4,xícara,óleo,3/4,xícara,vinho de cozinha xerez,1,colher de chá,noz-moscada,,,,,,,,,,,,,,,,,,,,,,,,,,,,,,,,,,,,,,,,Bolos,
Bolo Especial de Ameixa Seca*,"Misture o açúcar e o óleo. Adicione os ovos batidos. Adicione os ingredientes secos com o leitelho. Adicione a baunilha, as ameixas e as nozes. Despeje em uma forma untada de cerca de 12""x8"". Asse a 300 graus por 45 minutos. Quando o bolo estiver pronto e dourado, retire do forno e, ainda quente, cubra com a cobertura. Instruções da Cobertura: Coloque todos os ingredientes em uma panela média e ferva até o ponto de bala mole. Isso levará de 15 a 20 minutos, então comece antes que o bolo saia do forno para que a cobertura possa ser despejada sobre o bolo imediatamente. Deixe na forma, corte em quadrados para servir.",3,,ovos,1,xícara,óleo,1 1/2,xícaras,açúcar,1,colher de chá de cada,"noz-moscada, canela e pimenta-da-jamaica",2,xícaras,farinha,1/4,colher de chá,sal,1,colher de chá,bicarbonato de sódio,1/2,colher de chá,fermento em pó,1,xícara,leitelho,1,colher de chá,baunilha,1,xícara,ameixas cozidas,1/2,xícara,nozes picadas,1,xícara,açúcar,1/2,xícara,leitelho,1/2,colher de chá,água com gás,1,colher de sopa,xarope de milho branco,1/4,xícara,manteiga,1,colher de chá,baunilha,,,,Bolos,
Bolo de Frutas e Nozes Picantes*,"Asse em forma bundt de 9"" untada e enfarinhada a 350 graus por 45-50 minutos. Esfrie por 15 minutos. Solte as bordas com uma espátula fina. Fure com um palito de madeira. Instruções do Glacê: Cozinhe os ingredientes do glacê em fogo médio até ferver e a manteiga derreter. Despeje o glacê sobre o bolo.",1,xícara,ameixas picadas sem caroço,1,xícara,nozes,2,xícaras,farinha,1,colher de chá,bicarbonato de sódio,1 1/2,colheres de chá,canela,1 1/2,colheres de chá,noz-moscada,1,colher de chá,pimenta-da-jamaica,1/4,colher de chá,sal,2,xícaras,farinha,1,xícara,óleo vegetal,1,xícara,leitelho,3,,ovos,1/2,xícara,açúcar,1/2,xícara,leitelho,1/2,colher de chá,bicarbonato de sódio,1/4,xícara,manteiga sem sal,,,,,,,,,,Bolos,
Pão de Especiarias com Morango,"Asse em duas formas de pão de 9"", untadas e enfarinhadas, a 350 graus por uma hora.",3,xícaras,frutas vermelhas,3,xícaras,farinha,2,xícaras,açúcar,1,colher de chá,sal,3,colheres de chá,canela,1,colher de chá,noz-moscada,1,colher de chá,água com gás,1 1/4,xícaras,óleo,4,,ovos,,,,,,,,,,,,,,,,,,,,,,,,,,,,,,,Bolos,
Bolo de Maionese com Chocolate de Três Camadas,"Unte três formas de camada de 9"", uma com papel manteiga. Peneire os ingredientes secos em uma tigela grande. Adicione a maionese. Adicione a água e a baunilha até ficar homogêneo. Despeje nas formas. Asse a 350 graus por 30 minutos. Esfrie. Cubra com cobertura de chocolate.",4 1/2,xícaras,farinha,2 1/4,xícaras,açúcar,1/2,xícaras,cacau,3 1/2,colheres de chá,fermento em pó,2 1/4,colheres de chá,bicarbonato de sódio,2 1/4,xícaras,Maionese Best Foods,2 1/4,xícaras,água,2 1/4,colheres de chá,baunilha,,,,,,,,,,,,,,,,,,,,,,,,,,,,,,,,,,Bolos,
Bolo de Maionese com Chocolate de Duas Camadas,"Unte duas formas de camada de 9"", forre com papel manteiga. Peneire os ingredientes secos em uma tigela grande. Adicione a maionese. Adicione a água e a baunilha até ficar homogêneo. Despeje nas formas. Asse a 350 graus por 30 minutos. Esfrie. Cubra com cobertura de chocolate.",3,xícaras,farinha,1 1/2,xícaras,açúcar,1/3,xícara,cacau,2 1/4,colheres de chá,fermento em pó,1 1/2,colheres de chá,bicarbonato de sódio,1 1/2,xícaras,Maionese Best Foods,1 1/2,xícaras,água,1 1/2,colheres de chá,baunilha,,,,,,,,,,,,,,,,,,,,,,,,,,,,,,,,,,Bolos,
Bolo Invertido,"Derreta a manteiga em uma frigideira que possa ir ao forno. Adicione o açúcar mascavo. Arrume as frutas na frigideira. Para fazer a massa do bolo, bata os ovos por cerca de 5 minutos até ficarem grossos e com cor de limão. Adicione gradualmente o açúcar. Em seguida, adicione de uma vez o suco de fruta e a baunilha. Peneire e bata a farinha, o fermento e o sal. Despeje a massa sobre as frutas e asse até ficar pronto, cerca de 45 minutos a 350 graus.",1/3,xícara,manteiga,1/2,xícara,açúcar mascavo,2,,ovos,2/3,xícara,açúcar,6,colheres de sopa,suco de fruta,1,colher de chá,baunilha,1,xícara,farinha peneirada,1/3,colher de chá,fermento em pó,1/4,colher de chá,sal,,,,,,,,,,,,,,,,,,,,,,,,,,,,,,,Bolos,
Biscoitos Blue Chip,"Misture em velocidade baixa. Adicione as gotas de chocolate e as nozes à mão. Pressione em bolas com uma colher de biscoito. Asse a 300 graus por 15 minutos na prateleira do meio.",1/2,xícara,manteiga gelada,1/2,xícara,açúcar,1/2,xícara,açúcar mascavo,1,colher de chá,baunilha,1,,ovo,1 1/2,xícaras,farinha,1/2,colher de chá,bicarbonato de sódio,1/2,colher de chá,sal,1,pacote,gotas de chocolate,1/2,xícaras,nozes,,,,,,,,,,,,,,,,,,,,,,,,,,,,Biscoitos,cookies-blue-chip
Bolinhas de Bourbon,"Derreta o chocolate em banho-maria sobre água quente. Combine o xarope e o líquido. Combine as migalhas, o açúcar e as nozes. Adicione a mistura de chocolate. Deixe descansar por 30 minutos. Modele em bolas de 1 polegada. Passe no açúcar granulado ou de confeiteiro. Deixe maturar em um recipiente coberto por pelo menos 3 dias.",1,xícara,gotas de chocolate meio amargo,3,colheres de sopa,xarope de milho claro,1/2,xícara,bourbon (ou creme de leite fresco),2 1/2,xícaras,biscoitos de baunilha triturados,1/2,xícara,açúcar de confeiteiro,1,xícara,nozes finamente picadas,,,,,,,,,,,,,,,,,,,,,,,,,,,,,,,,,,,,,,,,Biscoitos,cookies-bourbon-balls
Biscoitos Crocantes de Farelo com Chocolate,"Peneire a farinha, o bicarbonato e o sal. Misture a manteiga e o açúcar. Adicione os ovos e a baunilha; bata bem. Adicione o cereal All-Bran e as gotas de chocolate. Adicione os ingredientes secos, misture bem. Coloque colheradas na assadeira. Asse a 375 graus por cerca de 12 minutos.",2,xícaras,farinha,1/2,colher de chá,bicarbonato de sódio,1/2,colher de chá,sal,1,xícara,margarina,1 1/2,xícaras,açúcar,2,,ovos,1,colher de chá,baunilha,1,xícara,cereal All-Bran,1,xícara,gotas de chocolate,,,,,,,,,,,,,,,,,,,,,,,,,,,,,,,Biscoitos,cookies-chocolate
Barras de Brunch de Chocolate e Amendoim,"Misture os primeiros 5 ingredientes até parecer uma farinha de milho. Adicione o ovo e a baunilha. Misture bem. Pressione firmemente em uma assadeira tipo rocambole não untada. Asse a 350 graus por 25 minutos. Esfrie um pouco. Derreta o chocolate em banho-maria. Incorpore a manteiga de amendoim e o cereal. Espalhe sobre a massa de biscoito. Deixe descansar até o chocolate endurecer. Corte em 35 barras.",3,xícaras,farinha,1 1/4,xícaras,açúcar mascavo,1/2,xícara,margarina,1/3,xícara,manteiga de amendoim crocante,1/4,colher de chá,sal,1,,"gema de ovo, batida",1,colher de chá,baunilha,1,xícara,gotas de chocolate,1/2,xícara,manteiga de amendoim crocante,1 1/2,xícaras,cereal Special K,,,,,,,,,,,,,,,,,,,,,,,,,,,,Biscoitos,
Quadrados de Trio de Chocolate*,"Bata a manteiga, misture a farinha e o sal. Espalhe em uma forma de 9"" untada e enfarinhada. Asse por 15 minutos a 350 graus. Bata os ovos e o açúcar até ficar homogêneo. Incorpore todos os outros ingredientes e misture bem. Espalhe sobre a primeira camada. Asse a 350 graus por 15 minutos. Esfrie na forma. Derreta o chocolate. Misture o xarope e a água. Espalhe sobre os biscoitos. Polvilhe com nozes. Deixe na forma durante a noite. Corte em 36 quadrados.",1/4,xícara,margarina,1,xícara,farinha peneirada,1/4,colher de chá,sal,2,,"ovos, bem batidos",3/4,xícara,açúcar mascavo claro,1/2,xícara,coco,1,colher de chá,baunilha,1/4,colher de chá,sal,2,colheres de sopa,farinha,1,xícara,gotas de chocolate meio amargo,1/4,xícara,xarope de milho claro,1,colher de sopa,água,,,nozes picadas,,,,,,,,,,,,,,,,,,,Biscoitos,
Troncos de Natal,"Pré-aqueça o forno a 350 graus. Passe as nozes e as tâmaras pelo moedor de lâmina grossa. Combine com 1 1/2 xícara de coco, açúcar e ovos. Misture bem. Modele colheradas em troncos de 3 polegadas, com 3/4 de polegada de largura. Passe no restante do coco, cobrindo bem. Asse por 10-12 minutos até dourar. Esfrie. Rende 30 troncos.",8,onças,nozes trituradas,1,xícara,tâmaras sem caroço,2 1/2,xícaras,coco em flocos,1,xícara,açúcar mascavo,2,,ovos,,,,,,,,,,,,,,,,,,,,,,,,,,,,,,,,,,,,,,,,,,,Biscoitos,
Bolas de Neve de Natal,"Combine os primeiros 5 ingredientes. Misture bem. Incorpore a farinha, as gotas de chocolate e as nozes. Forme bolas de 1 polegada. Coloque em uma assadeira não untada. Asse por 30 minutos a 350 graus. Passe no açúcar de confeiteiro ainda quente. Rende aproximadamente 5 dúzias.",3/4,xícara,manteiga,1,colher de chá,baunilha,1,colher de sopa,água,1/8,colher de chá,sal,1/3,xícara,açúcar,2,xícaras,farinha,6,oz.,gotas de chocolate,1,xícara,nozes finamente picadas,,,açúcar de confeiteiro,,,,,,,,,,,,,,,,,,,,,,,,,,,,,,,Biscoitos,
Tiras Crocantes de Aveia com Frutas,"Bata a manteiga e o açúcar até ficar fofo; adicione o ovo. Misture a farinha com o bicarbonato, depois incorpore à mistura cremosa com as uvas passas e a aveia em flocos. Misture bem. Divida a massa em 15 porções iguais. Coloque 3 ou 4 porções em cada assadeira de 12"" por 15"" não untada. Modele a massa para formar cordas de 8"" e coloque a pelo menos 2 polegadas de distância. Achate cada corda em uma tira de 2"" de largura. Asse em forno a 300 graus até dourar, cerca de 10 minutos. Deixe esfriar na assadeira por cerca de 2 minutos, depois corte cada tira na diagonal em barras de 1 polegada de largura. Deixe os biscoitos esfriarem na assadeira e depois transfira da assadeira com uma espátula larga. Armazene em um recipiente hermético em temperatura ambiente por até 2 semanas. Rende cerca de 12 dúzias.",1,xícara,manteiga ou margarina,1 1/2,xícaras,açúcar,1,,ovo,2,xícaras,farinha,2,colheres de chá,bicarbonato de sódio,2,xícaras,uvas passas (ou ameixas ou tâmaras finamente picadas),1 1/4,xícaras,aveia em flocos,,,,,,,,,,,,,,,,,,,,,,,,,,,,,,,,,,,,,Biscoitos,
Delícias Glaceadas,"Peneire a farinha, o sal e o fermento juntos. Bata a gordura com o açúcar até ficar fofo. Adicione os ovos, a baunilha e os ingredientes peneirados e misture bem. Espalhe a massa bem fina nas assadeiras. Incorpore o açúcar mascavo às claras, adicione as nozes. Espalhe sobre a massa do biscoito. Asse a 325 graus por 30 minutos. Corte em quadrados. Rende 30.",1 1/2,xícaras,farinha peneirada,1/2,colher de chá,sal,1,colher de chá,bicarbonato de sódio,1/2,xícaras,gordura,1,xícara,açúcar granulado,2,,ovos,1/2,colher de chá,baunilha,1,xícara,açúcar mascavo,1,,"clara de ovo, batida em neve",1,xícara,nozes picadas,,,,,,,,,,,,,,,,,,,,,,,,,,,,Biscoitos,
Barras de Gengibre,"Misture os quatro primeiros ingredientes. Adicione os ingredientes secos com o leite. Misture bem. Adicione as nozes. Despeje em uma forma quadrada de 9"" untada. Asse a 350 graus por 35 a 40 minutos. Esfrie na forma. Corte em 24 barras, passe no açúcar de confeiteiro.",1,xícara,açúcar mascavo,1,,ovo,2,colheres de sopa,margarina,1/4,xícara,melaço,1,colher de chá,baunilha,1,xícara,farinha,1/2,colher de chá,bicarbonato de sódio,1/2,colher de chá,sal,1/2,colher de chá,canela,1/2,colher de chá,gengibre,1/4,colher de chá,cravos,1/2,xícara,leite,1,xícara,nozes picadas,,,,,,,,,,,,,,,,,,,Biscoitos,
Biscoitos de Gengibre,"Enrole em bolinhas. Passe no açúcar e achate com um copo mergulhado em água. Asse a 350 graus por cerca de 7 minutos.",3/4,xícara,gordura,1,xícara,açúcar mascavo,1,,ovo,1/4,xícara,melaço,1,colher de chá,gengibre,1,colher de chá,canela,1/2,colher de chá,cravos,2,colheres de chá,bicarbonato de sódio,2,xícaras,farinha,,,,,,,,,,,,,,,,,,,,,,,,,,,,,,,Biscoitos,
Biscoitos Graham de Mel,"Misture todos os ingredientes por cerca de 3 minutos para misturar bem. Divida ao meio. Coloque cada metade em uma assadeira de 17""x14"". Achate e enrole em um retângulo de 12"" x 10"", polvilhando com farinha para não grudar. Corte em quadrados de 2"". Fure com um garfo. Asse a 425 graus por 8-10 minutos até dourar levemente. Separe enquanto estiver quente. Esfrie na assadeira. Rende 60. 50 calorias cada.",2,xícaras,farinha,,,,,,,,,,,,,,,,1/2,xícara,farinha de trigo integral,1/3,xícara,açúcar mascavo,1/2,xícara,gordura,1/2,colher de chá,canela,1/4,xícara,mel,1/4,xícara,óleo,3,colheres de sopa,água fria,1,colher de chá,sal,1,colher de chá,bicarbonato de sódio,,,,,,,,,,,,,Biscoitos,
Biscoitos Pastel de Gelatina,"Misture a gordura, o açúcar, a gelatina, os ovos e a baunilha. Incorpore os ingredientes secos. Enrole em bolas de 3/4 de polegada. Coloque a 3 polegadas de distância em uma assadeira. Achate cada uma com o fundo de um copo mergulhado em açúcar. Asse por 6-8 minutos a 375 graus. Rende 4 dúzias.",3/4,xícara,margarina,1/2,xícara,açúcar,"pacote de 3 oz.",gelatina de frutas,2,ovos,,1,colher de chá,baunilha,2 1/2,xícaras,farinha,1,colher de chá,fermento em pó,1,colher de chá,sal,,,,,,,,,,,,,,,,,,,,,,,,,,,,,,,,,,,Biscoitos,
Quadrados de Limão,"Misture bem os 3 primeiros ingredientes. Pressione em uma forma de 8""x8""x2"". Faça uma borda de 1/2"". Asse por 20 minutos a 350 graus. Bata os 6 ingredientes restantes até ficar leve e fofo. Despeje sobre a crosta quente. Asse por mais 25 minutos. Esfrie. Polvilhe com açúcar de confeiteiro. Corte em quadrados.",1,xícara,farinha,1/2,xícara,margarina,1/4,xícara,açúcar de confeiteiro,2,ovos,,1,xícara,açúcar,1/2,colher de chá,fermento em pó,1/4,colher de chá,sal,2,colheres de sopa,raspas de limão,2,colheres de sopa,suco de limão,,,,,,,,,,,,,,,,,,,,,,,,,,,,,,,Biscoitos,
Minties (Biscoitos de Menta),"Bata os ovos até ficarem grossos e espumosos. Adicione gradualmente o açúcar e continue a bater. Amoleça a geleia de menta com um garfo e adicione o óleo. Misture bem. Adicione a farinha, o fermento e o sal. Espalhe a mistura em uma forma de 9""x13"" untada. Asse a 350 graus por 25 minutos. Cubra com cobertura de menta: Bata 1/4 de xícara de margarina. Adicione 1/2 xícara de geleia de menta. Misture. Adicione 2 xícaras de açúcar de confeiteiro peneirado. Misture bem. Corte em 32 barras.",1,,ovo,2/3,xícara,óleo,1/2,xícara,açúcar,3/4,xícara,geleia de maçã com menta,1 1/2,xícaras,farinha,1 1/2,colher de chá,fermento em pó,1,colher de chá,sal,,,,,,,,,,,,,,,,,,,,,,,,,,,,,,,,,,,,,Biscoitos,
Biscoitos de Aveia,"Misture os ingredientes na ordem dada. Coloque colheradas de chá em uma assadeira. Asse por 8-10 minutos a 350 graus.",1 1/4,xícaras,açúcar mascavo,1,xícara rasa,gordura,2,,ovos,5,colheres de chá,líquido da uva passa,1,colher de chá,"bicarbonato de sódio, dissolvido no líquido da uva passa",2 1/2,xícaras,farinha,2,xícaras,aveia,1,pitada,sal,1,xícara,"uvas passas, fervidas por 20 min.",1,colher de chá,canela,1,colher de chá,pimenta-da-jamaica,1,xícara,nozes,,,,,,,,,,,,,,,,,,,,,,Biscoitos,
Barras de Fudge de Aveia*,"Camada de Aveia: Unte uma assadeira de 9""x9"". Bata a gordura com o açúcar até ficar fofo. Adicione o ovo e a baunilha. Peneire a farinha com o bicarbonato e o sal na mistura de açúcar. Misture bem. Incorpore a aveia e as nozes. Remova 1 xícara para a cobertura. Pressione o resto da mistura uniformemente no fundo da forma. Camada de Fudge: Pré-aqueça o forno a 350 graus. Em uma panela pequena, combine as gotas de chocolate, a manteiga, o leite e o sal. Cozinhe em fogo baixo, mexendo até o chocolate e a manteiga derreterem. Retire do fogo. Incorpore as nozes e a baunilha. Espalhe a mistura de chocolate sobre a camada de aveia. Polvilhe a cobertura com a mistura de aveia reservada. Asse por 25 minutos ou até a cobertura dourar levemente.",1/2,xícara,gordura,1,xícara,"açúcar mascavo claro, bem compactado",1,,ovo,1/2,colher de chá,baunilha,3/4,xícara,farinha peneirada,1/2,colher de chá,bicarbonato de sódio,1/2,colher de chá,sal,2,xícaras,aveia de cozimento rápido,1/2,xícara ,"nozes, picadas",1,colher de chá,,1,"pacote de 6 oz.",gotas de chocolate meio amargo,1,colher de sopa,manteiga ou margarina,1/3,xícara,leite condensado,1/4,colher de chá,sal,1/2,xícara,"nozes, picadas",1,colher de chá,baunilha,,,,,,,,,,Biscoitos,
Biscoitos de Manteiga de Amendoim,"Forme bolinhas. Achate com um garfo mergulhado em farinha ou açúcar. Asse por 8 minutos a 375 graus.",1 1/4,xícaras,açúcar,1,xícara,açúcar mascavo,1,xícara,margarina,2,,ovos,1,xícara,manteiga de amendoim,3,xícaras,farinha,1,colher de chá,bicarbonato de sódio,1/2,colher de chá,sal,1,colher de chá,baunilha,,,,,,,,,,,,,,,,,,,,,,,,,,,,,,,Biscoitos,
Barras de Graham com Abacaxi,"Pré-aqueça o forno a 350 graus. Unte levemente uma forma de 8""x8""x2"". Misture a manteiga com o açúcar até ficar claro. Adicione o ovo. Incorpore a farinha, as migalhas de biscoito graham, o abacaxi e as nozes. Asse por 30-35 minutos ou até dourar e a superfície ficar firme ao toque. Deixe esfriar completamente na forma. Corte em 20 barras.",1/4,xícara,manteiga ou margarina,1/2,xícara,"açúcar mascavo claro, bem compactado",1,,ovo ,1/2,xícara,farinha peneirada,1/2,xícara,migalhas de biscoito graham,"lata de 8 1/2 oz.","abacaxi triturado, escorrido.",1/2,xícara,"nozes, picadas",,,,,,,,,,,,,,,,,,,,,,,,,,,,,,,,,,,,,,Biscoitos,
Barras de Ameixa e Nozes,"Cozinhe as ameixas - escorra e pique. Misture a margarina, o açúcar e 1 xícara de farinha. Pressione em uma forma quadrada de 9"". Asse a 350 graus por 25 minutos. Peneire o 1/3 de xícara de farinha restante com o fermento e o sal. Bata o açúcar mascavo nos ovos, limão e baunilha. Adicione a farinha, misture bem. Adicione as ameixas, as nozes e o coco. Espalhe sobre as barras assadas. Asse a 350 graus por 30-35 minutos. Esfrie. Corte em 24 barras. Passe no açúcar de confeiteiro.",1 1/2,xícaras,ameixas sem caroço,1/2,xícara,margarina,1/4,xícara,açúcar,1 1/3,xícaras,farinha peneirada,1/2,colher de chá,fermento em pó,1/4,colher de chá,sal,1,xícara,açúcar mascavo,2,,ovos,2,colheres de chá,suco de limão,1,colher de chá,baunilha,1,xícara,"nozes, picadas",1/2,xícara,coco,,,açúcar de confeiteiro,,,,,,,,,,,,,,,,,,,Biscoitos,
Biscoitos de Aveia e Abóbora,"Misture os ovos, o açúcar, o óleo, as especiarias e a abóbora. Adicione a aveia, o bicarbonato, o sal, as nozes e as passas. Misture bem. Adicione a farinha, 1/2 de cada vez. Coloque colheradas de chá em uma assadeira não untada. (Eles não se espalharão.) Asse por 10 minutos a 325 graus. Retire da forma. Armazene em recipiente bem fechado.",4,,ovos,3,xícaras,açúcar,1,xícara,óleo,3,xícaras,aveia,2,colher de chá,bicarbonato de sódio,1,colher de chá,sal,1,xícara,nozes,1,xícara,uvas passas,1/2,colher de chá,pimenta-da-jamaica,3/4,colher de chá,gengibre,1,colher de chá,tempero para torta de abóbora,1,colher de chá,canela,1,colher de chá,cravos,1,colher de chá,noz-moscada,"lata pequena",tempero para torta de abóbora,4,xícaras ,farinha,,,,,,,,,,,Biscoitos,
Snickerdoodles,"Misture os primeiros 7 ingredientes. Enrole em bolas. Passe na mistura de canela e açúcar. Asse por 8-10 minutos a 375 graus. Rende 4 dúzias.",2 3/4,xícaras,farinha,2,colher de chá,cremor de tártaro,1,colher de chá,bicarbonato de sódio,1/2,colher de chá,sal,3/4,xícaras,margarina,1 1/2,xícaras,açúcar,2,,ovos,2,colheres de sopa,açúcar,1,colher de chá,canela,,,,,,,,,,,,,,,,,,,,,,,,,,,,,,,Biscoitos,
Biscoitos de Açúcar Macios,"Bata a manteiga. Adicione o açúcar gradualmente enquanto continua a bater. Adicione os ovos um de cada vez, batendo bem após cada um. Adicione a baunilha. Bata até ficar leve e fofo. Adicione os ingredientes secos misturados, alternadamente com o creme de leite; comece e termine com os ingredientes secos. Para biscoitos de 3 polegadas, coloque colheradas de chá cheias. Com uma espátula, achate em círculos de cerca de 2 polegadas de largura. Polvilhe com açúcar e canela. Asse em forno quente - 400 graus por 10-20 minutos. Rende cerca de trinta biscoitos de 3 polegadas.",1/2,xícara,manteiga ou margarina,1 1/2,xícaras,açúcar,2,,ovos,1,colher de chá,baunilha,3,xícaras,farinha peneirada,1,colher de chá,sal,1/2,colher de chá,fermento em pó,1/2,colher de chá,bicarbonato de sódio,1,xícaras,creme de leite,,,canela e açúcar,,,,,,,,,,,,,,,,,,,,,,,,,,,,Biscoitos,
Biscoitos de Impressão Digital,"Misture os primeiros 5 ingredientes. Adicione a farinha. Enrole em bola. Faça uma impressão digital em cada bola. Cozinhe por 8-10 minutos a 350 graus. Recheie com geleia ou nozes picadas.",1/2,xícara,Crisco (gordura),1,,ovo,2,xícaras,açúcar,1/2,colher de chá,sal,1,colher de chá,baunilha,1 2/3,xícaras,farinha,,,,,,,,,,,,,,,,,,,,,,,,,,,,,,,,,,,,,,,,Biscoitos,
Quadrados de Nozes,"Bata a manteiga e o açúcar. Adicione a gema de ovo. Peneire a farinha e as especiarias, adicione à mistura cremosa. Espalhe a massa em uma assadeira de rocambole de 15""x10""x1"". Pressione para achatar com as mãos. Bata levemente a clara do ovo, pincele sobre a massa. Polvilhe as nozes por cima e pressione na massa. Asse em forno a 250 graus por 1 hora. Enquanto estiver quente, corte em quadrados de 1 1/2"". Esfrie. Rende cerca de 70.",1,xícara,margarina,1,xícara,açúcar,1,,ovo,2,xícaras,farinha,1/3,colher de chá,noz-moscada,1,xícaras,"nozes, picadas",,,,,,,,,,,,,,,,,,,,,,,,,,,,,,,,,,,,,,,,Biscoitos,
Torta de Creme de Banana,"Em uma panela de fundo grosso, dissolva o amido de milho na água; adicione o leite condensado e as gemas. Cozinhe e mexa até engrossar e borbulhar. Retire do fogo; adicione a margarina e a baunilha. Esfrie um pouco. Fatie 2 bananas; mergulhe no suco de limão e escorra. Arrume no fundo da massa de torta preparada. Despeje o recheio sobre as bananas; cubra. Leve à geladeira por 4 horas ou até firmar. Espalhe chantilly por cima. Fatie as bananas restantes; mergulhe no suco de limão, escorra e decore o topo da torta. Guarde as sobras na geladeira.",1,,massa de torta assada,3,colheres de sopa,amido de milho,1 2/3,xícaras,água,1,"lata de 14 oz",leite condensado,3,,"gemas, batidas",2,colheres de sopa,"margarina ou manteiga",1,colher de chá,baunilha,3,médias,bananas,,,suco de limão concentrado,,,chantilly,,,,,,,,,,,,,,,,,,,,,,,,,,,,Tortas,pie-banana
Torta de Amora e Nectarina,,2,xícaras,amoras,3/4,xícaras,açúcar,2,colheres de sopa,amido de milho,1,xícara,água,2 1/2,xícaras,"nectarinas, fatiadas",1,,massa de torta assada,,,chantilly,,,,,,,,,,,,,,,,,,,,,,,,,,,,,,,,,,,,,Tortas,pie-nectarine-berry
Torta de Maçã Cremosa,"Coloque as maçãs na massa da torta. Misture o açúcar, a farinha e o sal. Polvilhe sobre as maçãs. Em uma panela, leve o creme ao ponto de fervura. Despeje sobre as maçãs. Polvilhe generosamente com canela. Asse a 375 graus por 45 minutos, até firmar.",1,"massa de 9 polegadas","de torta, crua","4 ou 5",,"maçãs ácidas, descascadas e fatiadas",1,xícara,açúcar,1/4,xícara,farinha,1/2,colher de chá,sal,1,xícara,creme de leite fresco,,,canela,,,,,,,,,,,,,,,,,,,,,,,,,,,,,,,,,,,,,Tortas,pie-apple
Torta Holandesa de Maçã,"Combine as maçãs, 1/2 xícara de açúcar e canela. Coloque na massa de torta crua. Cubra com 1/2 xícara de açúcar, farinha, manteiga e canela. Asse por 45-50 minutos a 350 graus.",4,,"maçãs grandes, fatiadas",1,xícara ,açúcar,1,colher de chá,canela,3/4,xícara ,farinha,1/3,xícara ,manteiga,1/2,colher de chá,canela,,,,,,,,,,,,,,,,,,,,,,,,,,,,,,,,,,,,,,,,Tortas,
Torta de Morango Fresco,"Fatie 1 cesta de morangos. Coloque metade dos morangos no fundo de uma massa de torta assada. Prepare a calda combinando os ingredientes restantes e cozinhando em banho-maria até engrossar. Misture a outra metade dos morangos na calda. Despeje na massa. Esfrie. Cubra com chantilly e morangos cortados ao meio.",2,colheres de sopa,amido de milho,1,xícara ,açúcar,1 1/4,xícaras,água,"algumas",gotas,corante alimentício vermelho,1,colher de sopa,manteiga,1,colher de chá,suco de limão,1,cesta,morangos,1,,"massa de torta, assada",,,,,,,,,,,,,,,,,,,,,,,,,,,,,,,,,,Tortas,
Torta Nuvem de Limão,"Combine em uma panela 3/4 xícara de açúcar, amido de milho, água, raspas e suco de limão e a gema de ovo levemente batida. Cozinhe em fogo médio, mexendo constantemente até engrossar. Retire do fogo. Adicione o queijo amolecido, misture bem. Esfrie. Bata as claras em neve até ficarem firmes. Adicione 1/4 de açúcar. Incorpore à mistura de limão. Coloque na crosta. Leve à geladeira por 2 horas. Sirva com chantilly.",1,xícara,açúcar,1/2,xícara,amido de milho,1,xícara,água,1,colher de chá,"raspas de limão, raladas",1/3,xícara,suco de limão,2,,ovos,4,onças,cream cheese,,,crosta de biscoito graham,,,,,,,,,,,,,,,,,,,,,,,,,,,,,,,,,,Tortas,
Torta Delícia de Limão,"Combine o açúcar, o amido de milho, a manteiga, as raspas de limão e a gema de ovo em uma panela. Adicione o leite. Cozinhe em fogo médio, mexendo até a mistura engrossar. Esfrie. Incorpore o creme de leite. Coloque na massa da torta. Leve à geladeira por 12 horas ou mais. Cubra com chantilly. Decore com nozes picadas, se desejar.",1,xícara,açúcar,3,colheres de sopa,amido de milho,1/4,xícara,manteiga,1,colher de sopa,"raspas de limão, raladas",1/4,xícara,suco de limão,3,,"gemas, levemente batidas",1,xícara,leite,1,xícara,creme de leite,1,"massa de 8 polegadas",de torta,,,,,,,,,,,,,,,,,,,,,,,,,,,,,,,Tortas,
Torta de Merengue de Limão,"Misture o açúcar, o amido de milho e o sal na parte superior de um banho-maria. Coloque sobre água fervente e adicione os ingredientes restantes. Cozinhe até engrossar, mexendo com um batedor. Coloque na massa de torta assada. Cubra com merengue. Para fazer o merengue, bata 3 claras em neve até ficarem firmes. Adicione 1/4 de xícara de açúcar. Doure por 5 a 10 minutos em forno a 400 graus. Leve à geladeira.",1,xícara,açúcar,4,colheres de sopa,amido de milho,1/2,colher de chá,sal,2,xícaras,água quente,1/3,xícara,"suco de limão, fresco ou de garrafa",1,colher de chá,raspas de limão raladas,3,,gemas,1,colher de sopa,manteiga,3,,claras,1/4,xícara,açúcar,,,,,,,,,,,,,,,,,,,,,,,,,,,,Tortas,
Torta de Maçã à Moda Antiga,"Combine os primeiros 4 ingredientes. Coloque na massa de torta crua. Fatie a manteiga por cima. Cubra com a massa superior. Asse a 350 graus por 1 hora.",5,"maçãs, fatiadas",1,xícara,açúcar,1/4,colher de chá,canela,1/2,xícara,água,1,colher de sopa,manteiga,,,,,,,,,,,,,,,,,,,,,,,,,,,,,,,,,,,,,,,,,,,,Tortas,
Torta de Pêssego com Amêndoas,"Polvilhe os pêssegos com limão e açúcar. Deixe descansar por 1 hora. Escorra para obter 1 xícara de calda. Adicione o amido de milho à calda e misture. Cozinhe em fogo baixo até engrossar. Retire do fogo. Adicione a manteiga, o sal e o extrato de amêndoa. Esfrie. Incorpore cuidadosamente os pêssegos. Coloque na massa. Leve à geladeira. Sirva com chantilly, coberto com amêndoas laminadas e cerejas marasquino.",2,xícaras,"pêssegos frescos, fatiados",1,colher de sopa,suco de limão,1/4,xícara,açúcar,3,colheres de sopa,amido de milho,2,colheres de chá,manteiga,,pitada,sal,1/4,colher de chá,extrato de amêndoa,1,"massa de 9 polegadas",de torta,,,,,,,,,,,,,,,,,,,,,,,,,,,,,,,,,,Tortas,
Torta Parfait de Pêssego,"Dissolva a gelatina na água quente. Adicione imediatamente 1/4 do sorvete e mexa até misturar. Repita até que todo o sorvete seja adicionado. Leve à geladeira até quase firmar. Misture os pêssegos com o açúcar e incorpore à mistura. Despeje na massa assada e leve à geladeira até firmar. Bata o creme de leite e espalhe sobre a torta.",1,"caixa de 3 onças",gelatina de pêssego ou limão,1 1/4,xícaras,água quente,1,pote,sorvete de pêssego ou baunilha,2,,"pêssegos frescos, descascados e em cubos",1/4,xícara,açúcar,1,,"massa de torta assada, gelada",1/2,xícara,creme de leite fresco,,,,,,,,,,,,,,,,,,,,,,,,,,,,,,,,,,,,,Tortas,
Torta de Sorvete de Manteiga de Amendoim,"Misture as migalhas de biscoito graham, o açúcar e a margarina derretida. Pressione em uma forma de torta de 9 polegadas. Leve à geladeira. Para fazer o recheio, bata 1/2 xícara de chantilly. Coloque o sorvete em uma tigela e mexa para amolecer. Incorpore a manteiga de amendoim; em seguida, incorpore o chantilly. Coloque a mistura na crosta. Congele por cerca de 5 horas. Retire do freezer cerca de 15 minutos antes de servir.",1 1/2,xícaras,"migalhas de biscoito graham, 18 quadrados",1/4,xícara,açúcar,1/2,xícara,"margarina, derretida",1/2,xícara,chantilly ou cool whip,1,litro,sorvete de baunilha,1/2,xícara,manteiga de amendoim crocante,,,,,,,,,,,,,,,,,,,,,,,,,,,,,,,,,,,,,,,,Tortas,
Torta de Manteiga de Amendoim,"Combine os 5 primeiros ingredientes. Misture bem. Despeje na massa da torta. Asse a 350 graus por 15 minutos. Reduza o fogo para 350 graus e asse por 30 a 35 minutos. Deve parecer menos firme no centro. Leve à geladeira. Cubra com chantilly.",1,xícara,xarope de milho claro ou escuro,1,xícara,açúcar,3,,"ovos, levemente batidos",1/2,colher de chá,baunilha,1/3,xícara,manteiga de amendoim crocante,1,,"massa de torta, crua",1,xícara,chantilly,,,,,,,,,,,,,,,,,,,,,,,,,,,,,,,,,,,,,Tortas,
Massa de Torta,"Misture a farinha, o sal e a gordura. Adicione água suficiente para unir a mistura e formar uma massa macia. Rende duas massas de torta de 9 polegadas ou 1 massa dupla. Para torta de massa dupla, asse a 350 graus por 1 hora. Para massa de torta única, asse a 400 graus por 10 minutos.",2,xícaras,farinha peneirada,1/2,colher de chá,sal,2/3,xícara,gordura,"4 ou 5",colheres de sopa,"água gelada ou 7-up",,,,,,,,,,,,,,,,,,,,,,,,,,,,,,,,,,,,,,,,,,,,,,,Tortas,
Torta de Creme de Leite com Passas,"Ferva as passas em água até ficarem macias. Adicione a farinha e o açúcar. Cozinhe para engrossar um pouco, depois adicione as gemas, o creme de leite, a baunilha e a noz-moscada. Despeje em uma crosta inferior de 9 polegadas. Adicione a crosta superior. Polvilhe com açúcar. Asse por 50 minutos a 350 graus.",1 1/2,xícaras,uvas passas,1 1/2,xícaras,água,1 1/2,colheres de sopa,farinha,3/4,xícara,açúcar,3,,"gemas, levemente batidas",1,xícara,creme de leite,1,colher de chá,baunilha,1/2,colher de chá,noz-moscada,,,,,,,,,,,,,,,,,,,,,,,,,,,,,,,,,,Tortas,
Torta de Nozes,"Misture bem. Despeje na massa de torta crua. Cubra com 1 xícara de nozes ou nozes-pecã. Asse a 350 graus por 1 hora.",3/4,xícara,açúcar,3/4,xícara,xarope de milho claro,3,,ovos,1,xícara,leite evaporado,1,colher de chá,baunilha,2,colheres de sopa,farinha,1/4,colher de chá,noz-moscada,,,,,,,,,,,,,,,,,,,,,,,,,,,,,,,,,,,,,Tortas,
Torta de Nozes e Passas,"Misture o açúcar e a manteiga. Adicione os ovos um de cada vez, batendo após cada adição. Adicione as passas, as nozes e a baunilha. Despeje na massa de torta crua. Asse a 400 graus por 10 minutos. Reduza o fogo para 375 graus por 30 minutos.",3/4,xícara,açúcar,3,,ovos,1,xícara,"nozes, picadas",1/2,xícara,manteiga,1,colher de chá,baunilha,1,xícara,uvas passas,,,,,,,,,,,,,,,,,,,,,,,,,,,,,,,,,,,,,,,,Tortas,
Hash de Anjo,"Cozinhe o amido de milho, o açúcar, o suco de abacaxi e as gemas até engrossar. Esfrie e incorpore os ingredientes restantes.",2,colheres de sopa,amido de milho,1/4,xícara,açúcar,1,xícara,suco de abacaxi,2,,ovos,1,xícara,Dream Whip ou chantilly,2 1/2,xícaras,pedaços de abacaxi,1/4,xícara,"nozes, picadas",1/4,libra,marshmallows,,,"bananas, fatiadas",,,,,,,,,,,,,,,,,,,,,,,,,,,,,,,Tortas,
Molho de Queijo Azul,"Misture ou agite bem.",6,onças,queijo azul,1,xícara,leitelho,1,quarto,maionese,1 1/2,onças,vinho sauterne branco,,pitada,alho em pó,,pitada,mix de temperos accent,,,,,,,,,,,,,,,,,,,,,,,,,,,,,,,,,,,,,,,,Saladas e Molhos,salad-blue-cheese-dip
Salada de Brócolis ao Curry,,4,xícaras,"brócolis, cortado em pedaços pequenos",1/2,xícara,uvas passas,1,,cebola roxa,1,xícara,semente de girassol,1,xícara,maionese,"2 ou 3",,talos de aipo,1,colher de sopa,vinagre de vinho tinto,,,"curry, a gosto",,,,,,,,,,,,,,,,,,,,,,,,,,,,,,,,,,Saladas e Molhos,salad-broccoli-curry
Salada de Brócolis,"Despeje o molho sobre a salada duas horas antes de servir.","2 ou 3",cabeças,"florzinhas de brócolis, tamanho de mordida",8,onças,"queijo mussarela, ralado",1,pequena,"cebola roxa, picada","4 a 5",tiras,"bacon crocante, esfarelado",1,xícara,maionese,1/3,xícara,açúcar,2,colheres de sopa,vinagre,,,,,,,,,,,,,,,,,,,,,,,,,,,,,,,,,,,,,Saladas e Molhos,salad-broccoli
Salada de Brócolis com Abacaxi,"Corte as flores de brócolis. Pique os 2 polegadas superiores dos talos em pedaços pequenos. Misture brócolis, bacon crocante, abacaxi escorrido, cebola e sementes de girassol. Misture maionese, açúcar e vinagre para fazer o molho. Despeje sobre a mistura de brócolis. Misture e sirva. Nota: Esta salada também fica ótima com cenouras e couve-flor fatiadas cruas.","5 a 6",tiras,"bacon, mas pequeno, frite até ficar crocante",1,maço,brócolis,1,"lata de 16 oz.","abacaxi em pedaços, bem escorrido",1,,"cebola roxa, picada fina",1/2,xícara,sementes de girassol,1,xícara,maionese,1,colher de sopa,açúcar,2,colheres de sopa,vinagre,,,,,,,,,,,,,,,,,,,,,,,,,,,,,,,,,,Saladas e Molhos,
Carrossel de Cenoura,"Polvilhe a gelatina sobre 1/2 xícara de suco de laranja frio no recipiente do liquidificador que comporte 5 xícaras. Adicione o suco de laranja fervente; cubra e processe em baixa velocidade até a gelatina dissolver. Adicione a 1 xícara restante de suco de laranja frio, sal e molho de salada; processe até ficar bem misturado. Adicione os pedaços de cenoura; cubra e ligue em alta velocidade, ligando e desligando várias vezes até as cenouras estarem finamente raladas. Incorpore o abacaxi e a calda; despeje em uma forma de 6 xícaras. Leve à geladeira até firmar.",2,envelopes,Gelatina Sem Sabor Knox,1 1/2,xícaras,"suco de laranja frio, dividido",1/2,xícara,suco de laranja fervente,1/4,colher de chá,sal,1,xícara,molho de salada,1 1/2,xícaras,pedaços de cenoura,1,"lata de 13.4 oz.",abacaxi em pedaços,,,,,,,,,,,,,,,,,,,,,,,,,,,,,,,,,,,,,Saladas e Molhos,
Salada de Repolho (Coleslaw),"Rale o repolho. Misture os ingredientes restantes para fazer o molho. Misture tudo.",1/2,cabeça,repolho,1/4,xícara,maionese,1/2,xícara,creme de leite,1,colher de sopa,vinagre,1,colher de sopa,açúcar,1/2,colher de chá,raiz-forte,,,sal e pimenta,1,colher de chá,semente de cominho (opcional),,,,,,,,,,,,,,,,,,,,,,,,,,,,,,,,,,Saladas e Molhos,
Molde de Cranberry,"Misture a gelatina com água quente. Deixe gelatinizar um pouco e depois adicione o molho de cranberry, o creme de leite e as nozes. Misture e leve à geladeira até firmar.",2,xícaras,água quente,2,pacotes,"gelatina de cereja, ou 1 grande",1,lata,molho de cranberry inteiro,1,pote,creme de leite,1/2,xícara,"nozes, picadas",,,,,,,,,,,,,,,,,,,,,,,,,,,,,,,,,,,,,,,,,,,Saladas e Molhos,
Pepinos em Creme de Leite,"Misture tudo. Leve à geladeira por 30 minutos.",3,xícaras,"pepinos, fatiados",1 1/2,colher de chá,sal,1/8,colher de chá,pimenta,3,colheres de sopa,"cebolinha ou cebolinha verde, picada",1,xícara,creme de leite,2,colheres de sopa,suco de limão,,,,,,,,,,,,,,,,,,,,,,,,,,,,,,,,,,,,,,,,Saladas e Molhos,
Salada de Cinco Feijões,"Escorra os feijões e misture. Misture os ingredientes para o molho. Combine o molho e os feijões.",1,lata,vagem,1,lata,feijão de cera,1,lata,feijão vermelho,1,lata,grão de bico,1,lata,broto de feijão,1,,"cebola roxa, fatiada",1/2,xícara,açúcar,1/2,xícara,vinagre,1/2,xícara,óleo,,,,,,,,,,,,,,,,,,,,,,,,,,,,,,,Saladas e Molhos,
Salada de Cinco Xícaras,"Combine todos os ingredientes. Leve à geladeira durante a noite.",1,xícara,pedaços de abacaxi,1,xícara,tangerinas,1,xícara,coco,1,xícara,marshmallows,1,xícara,creme de leite,,,,,,,,,,,,,,,,,,,,,,,,,,,,,,,,,,,,,,,,,,,Saladas e Molhos,
Massa com Vegetais da Horta,"Corte os vegetais em pedaços de tamanho de mordida. Cozinhe por 5 minutos, até ficarem macios ao garfo. Enxágue com água fria. Cozinhe e resfrie a massa. Misture tudo com Molho Italiano.",,,aspargos,,,brócolis,,,couve-flor,,,cebolinha verde,,,rabanetes,,,tomate sem pele,,,abacate,,,cogumelos frescos,,,massa,,,Molho Italiano,,,,,,,,,,,,,,,,,,,,,,,,,,,,Saladas e Molhos,
Salada de Vagem,"Misture o óleo, vinagre, cebola e limão. Despeje sobre os feijões. Leve à geladeira por 3 horas ou mais. Coloque os feijões sobre a alface com uma escumadeira. Cubra com queijo azul esfarelado e nozes picadas grosseiramente",1,libra,vagens frescas,3/4,xícara,óleo de salada,1,xícara,vinagre branco,1/2,xícara,"cebola roxa, picada",2,colheres de chá,raspas de limão raladas,,,queijo azul,,,"nozes, picadas",,,,,,,,,,,,,,,,,,,,,,,,,,,,,,,,,,,,,Saladas e Molhos,
Salada Divina de Queijo,"Leve o suco para ferver, despeje sobre a gelatina. Esfrie. Misture o abacaxi, as nozes e o queijo. Adicione à gelatina. Incorpore o chantilly. Despeje na forma. Leve à geladeira.",1,"pacote pequeno",gelatina de limão,1,xícara,suco de abacaxi + água,1,xícara,abacaxi em pedaços,8,oz,cream cheese,1,xícara,"nozes, picadas",1,pote,chantilly,,,,,,,,,,,,,,,,,,,,,,,,,,,,,,,,,,,,,,,,Saladas e Molhos,
Molho de Raiz-Forte,"Combine todos os ingredientes no liquidificador ou processador de alimentos.",1/2,xícara,raiz-forte,4,xícaras,maionese,1,xícara,creme de leite,3/4,xícara,leitelho,1/2,xícara,óleo,1,colher de chá,cebola em pó,1,colher de chá,sal,1/2,colher de chá,pimenta,3/4,colher de chá,alga kelp,1/4,xícara,vinagre,,,,,,,,,,,,,,,,,,,,,,,,,,,,Saladas e Molhos,
Salada Nuvem de Limão,"Prepare a gelatina com 1/2 xícara a menos de água do que as instruções da embalagem. Quando estiver parcialmente firme, incorpore o Dream Whip. Adicione as frutas. Deixe gelar por várias horas.",1,"pacote grande",gelatina de limão,1,lata,tangerinas,1,"lata média",pedaços de abacaxi,2,,"bananas, fatiadas",2,xícaras,Dream Whip,,,,,,,,,,,,,,,,,,,,,,,,,,,,,,,,,,,,,,,,,,,Saladas e Molhos,
Salada de Feijão-de-lima,"Misture bem o vinagre, o óleo vegetal e o sal. Cozinhe os feijões até ficarem macios, escorra e enxágue em água fria. Adicione os outros ingredientes e misture. Leve à geladeira por 1-2 horas.",1,"pacote de 10oz.",feijão-de-lima congelado,8,,"cogumelos frescos, fatiados",4,,"cebolinhas verdes, fatiadas",1,colher de sopa,"salsinha, picada",1/2,colher de chá,orégano,1,colher de sopa,óleo vegetal,3/4,colher de chá,sal,,pitada,pimenta,1,dente,"alho, amassado ou 1/8 colher de chá de alho em pó.",,,,,,,,,,,,,,,,,,,,,,,,,,,,,,,Saladas e Molhos,
Salada de Ervilha,"Misture tudo e aproveite.",1,saco,"ervilhas congeladas, cruas",1,xícara,"cebolinha verde, picada","1/2 a 1",xícara,bacon em cubos,1,lata,"castanhas d'água, fatiadas",1,xícara,pedaços de caju salgado.,1,"caixinha pequena",creme de leite,,,,,,,,,,,,,,,,,,,,,,,,,,,,,,,,,,,,,,,,Saladas e Molhos,
Molho Francês Escolar,,1,xícara,óleo,1/2,xícara,vinagre,,,sal e pimenta a gosto,1/4,colher de chá,mostarda seca,1,colher de chá,páprica,1/2,xícara,açúcar,,,,,,,,,,,,,,,,,,,,,,,,,,,,,,,,,,,,,,,,Saladas e Molhos,
Salada de Espinafre,"Misture o espinafre e a cebola fatiada fina. Frite o bacon até ficar crocante, escorra. Aos pingos de gordura, adicione vinagre, água, açúcar e sal. Leve para ferver. Bata o ovo até ficar claro. Adicione o creme de leite. Despeje o líquido fervente sobre o ovo e depois de volta na frigideira. Cozinhe em fogo baixo até engrossar. Despeje sobre o espinafre, adicione o bacon e o ovo picado. Misture levemente.",1/2,libra ,folhas de espinafre,1,média,"cebola, roxa é a melhor",2,fatias,bacon,2/3,xícara,vinagre,1/2,xícara,água,1,colher de sopa,açúcar,1,colher de chá,sal,1,,"ovo, levemente batido",1,,"ovo, cozido",2,colheres de sopa,creme de leite,,,,,,,,,,,,,,,,,,,,,,,,,,,,Saladas e Molhos,
Salada de Espinafre com Abacate,"Lave o espinafre. Rasgue para a salada. Corte o abacate em pedaços pequenos. Polvilhe com limão. Fatie a cebola o mais fino possível. Combine espinafre, abacate, cebola e laranjas. Misture os ingredientes restantes para fazer o molho. Despeje o molho sobre a salada. Polvilhe com bacon em cubos.",1,libra,espinafre fresco,1,,abacate,1,colher de sopa,suco de limão,1,,cebola roxa,1,lata,tangerinas,2,colheres de sopa,creme de leite,1,dente,"alho, amassado",1/4,colher de chá,sal,1/2,colher de chá,raspas de limão,1/2,colher de chá,páprica,1/4,colher de chá,pimenta,2,colheres de sopa,vinagre,1/2,xícara,azeite de oliva,6,fatias,"bacon, crocante e esfarelado",,,,,,,,,,,,,,,,Saladas e Molhos,
Salada de Espinafre com Brotos de Alfafa,"Misture os ingredientes do molho: maionese, ketchup, suco de limão e açúcar. Combine os ingredientes restantes. Misture com o molho.",,,folhas de espinafre,,,cebola fatiada,,,brotos de alfafa,,,bacon em cubos,,,queijo jack ralado,,,sementes de girassol,,,maionese,,,ketchup,,,suco de limão,1,colher de chá,açúcar,,,,,,,,,,,,,,,,,,,,,,,,,,,,Saladas e Molhos,
Salada de Frutas de Verão,"Combine todos os ingredientes. Cubra e leve à geladeira por várias hours ou durante a noite.",1,lata,"pedaços de abacaxi em calda",1,lata,tangerinas,1,lata,uvas sem sementes,1/2,,"melão, cortado em pedaços",2,xícaras,pedaços de melancia,2,xícaras,marshmallows,1,pote,creme de leite,,,,,,,,,,,,,,,,,,,,,,,,,,,,,,,,,,,,,Saladas e Molhos,
Salada de Macarrão Instantâneo (Top Ramen),"Misture o pacote de tempero do Ramen com óleo, vinagre e açúcar. despeje sobre a mistura de folhas verdes, cebola roxa e ervilhas. Adicione o macarrão Ramen esmagado.",1,pacote,Ramen de frango,1/4,xícara,óleo,1/4,xícara,vinagre,1/4,xícara,açúcar,,,folhas de salada,,,cebola roxa,1,xícara,ervilhas congeladas,,,,,,,,,,,,,,,,,,,,,,,,,,,,,,,,,,,,,Saladas e Molhos,
Salada de Abobrinha e Maçã,"Misture tudo. Coloque sobre alface crocante. Cubra com o molho.",1/2,xícara,maionese,3,colheres de sopa,vinagre,1,xícara,açúcar,1,colher de chá,semente de cominho,4,xícaras,"abobrinha, grosseiramente ralada",1/2,xícara,"cebolinha verde, fatiada","2 ou 3",,"maçãs ácidas, cortadas em pedaços",,,sal e pimenta,,,,,,,,,,,,,,,,,,,,,,,,,,,,,,,,,,Saladas e Molhos,
Sopa de Brócolis com Queijo,"Coloque a batata, brócolis (reserve 2 xícaras), cenouras, alho, cebola, sal e água em uma panela grande. Leve para ferver, depois cozinhe em fogo baixo até que todos os vegetais estejam bem macios. Bata no liquidificador ou processador de alimentos e transfira para uma chaleira ou panela grande. Cozinhe no vapor os pedaços de brócolis reservados até ficarem macios. Adicione ao purê junto com todos os ingredientes restantes. Aqueça suavemente. Sirva com queijo cheddar ralado adicional por cima.",1,grande,"batata (2-3 xícaras), descascada e em cubos",2,xícaras,"florzinhas de brócolis, cortadas ou quebradas",1,média,"cenoura, descascada e picada",3,médios,"dentes de alho, descascados",1 1/2,xícaras,"cebola, picada",1 1/2,colher de chá,sal,4,xícaras,água,2,xícaras,"queijo cheddar, ralado",3/4,xícaras,leite desnatado,1,colher de chá,endro,,,,,,,,,,,,,,,,,,,,,,,,,,,,Sopas,soup-broccoli-cheese
Sopa de Galinha com Macarrão,"Ferva o frango, retire dos ossos e pique. Reserve. Cozinhe a batata, as cenouras, o aipo e a cebola em água para cobrir. Quando estiverem macios, adicione o frango, os cubos de caldo, o tempero para aves e o sal. Adicione um punhado grande de macarrão de ovos finos. Adicione mais líquido se necessário e cozinhe até o macarrão ficar macio.",2,xícaras,"frango, cozido e picado",1,grande,"batata, em cubos",3,grandes,"cenouras, em cubos",2,talos,"aipo, fatiado",1,grande,"cebola, picada",2,cubos,caldo de galinha,,pitada,tempero para aves,,,"sal, a gosto",,punhado grande,macarrão de ovos finos,,,,,,,,,,,,,,,,,,,,,,,,,,,,,,,Sopas,soup-chicken
Creme de Amêijoas da Cleo,"Ferva as batatas. Guarde a água. Quando as batatas estiverem macias, adicione o bacon, a cebola e o aipo. Adicione o 'half and half', o leite e os temperos. Engrosse com uma xícara de farinha misturada com água. Adicione à sopa fervente. Incorpore as amêijoas, mas não muito cedo ou elas ficarão duras.",1/2,libra,"bacon, picado e dourado",1,grande,"cebola, refogada",3,talos,"aipo, refogado",2,xícaras,"batatas, descascadas e em cubos",1,pote,half and half,1,quarto,leite,,,sal e pimenta,,,tomilho ou manjericão,4,latas,amêijoas picadas com suco,,,,,,,,,,,,,,,,,,,,,,,,,,,,,,,Sopas,soup-amendoes-cream
Sopa Cremosa de Abobrinha e Cogumelos,"Combine a abobrinha, a cebola, o alho e a manteiga em uma caçarola de 2 litros segura para micro-ondas. Cubra e cozinhe no micro-ondas na potência alta por 5 a 7 minutos, mexendo a cada 3 minutos, até os vegetais ficarem macios. Coloque a mistura de abobrinha no liquidificador; bata até ficar homogêneo. Volte para a caçarola; adicione todos os ingredientes restantes, exceto o creme de leite, a pimenta e os pinhões. Cubra e cozinhe no micro-ondas por 5 a 6 minutos, ou até aquecer bem. Incorpore o creme de leite e tempere a gosto com pimenta. Sirva em tigelas de sopa e decore com pinhões polvilhados. Sirva imediatamente.",3,xícaras,"abobrinha, fatiada fina (cerca de 3/4 lb.)",1/4,xícaras,"cebola, picada",3,dentes,"alho, picado",1,colher de sopa,"manteiga ou margarina",1,"lata de 10 oz.","creme de cogumelos, condensado",1 1/2,xícaras,água,1/2,xícara,leite,1/2,colher de chá,"orégano fresco, picado ou 1/4 colher de chá seco",1 1/2,colher de chá,"manjericão fresco, ou 1/4 colher de chá seco",1/2,xícara,creme de leite,,,"pimenta moída, a gosto",1/2,xícara,"pinhões, torrados",,,,,,,,,,,,,,,,,,,,,,Sopas,
Ensopado de Elefante,"Corte o elefante em pedaços pequenos. (Reserve aproximadamente 12 meses.) Adicione molho pardo o suficiente para cobrir. Cozinhe em fogo de querosene por 4 semanas a 463 graus. Rende 3.300 porções. Para estender a receita, adicione coelhos, mas apenas se necessário, pois algumas pessoas não gostam de encontrar lebre em seu ensopado.",1,médio,elefante,,,sal e pimenta a gosto,,,molho pardo,2,,coelhos,,,,,,,,,,,,,,,,,,,,,,,,,,,,,,,,,,,,,,,,,,,,,,Sopas,
Sopa de Legumes do Urso Faminto,"Doure a carne e depois adicione todos os ingredientes, exceto o repolho. Cubra com água e cozinhe em fogo baixo por cerca de uma hora até os vegetais ficarem macios. Em seguida, adicione o repolho picado e cozinhe novamente por cerca de meia hora. Adicione mais líquido, se necessário.",1,libra,carne moída,2,grandes,"batatas, em cubos",4,grandes,"cenouras, em cubos",1,grande,"cebola, picada grosseiramente",2,talos,"aipo, fatiado",1,"lata grande","tomates pelados, amassados",1,"lata pequena","tomates, amassados",1/2,cabeça,repolho,,,"sal, a gosto",,,,,,,,,,,,,,,,,,,,,,,,,,,,,,,Sopas,
Sopa de Almôndegas Mexicanas,"Misture os primeiros 8 ingredientes. Modele em bolas de 1 polegada. Doure em uma pequena quantidade de óleo. Coloque os ingredientes restantes em uma panela grande. Aqueça até ferver. Adicione as almôndegas. Cubra e cozinhe em fogo baixo por 15 minutos. Tempere com sal e pimenta a gosto. Adicione o arroz e cozinhe por 15 minutos.",1,libra,carne moída,1/4,xícara,arroz instantâneo,1,,ovo,1/4,xícara,"cebola, picada fina",1/2,colher de chá,alho em pó,1/2,colher de chá,orégano,1/2,colher de chá,cominho,1,colher de chá,pimenta em pó,4,xícaras,caldo de galinha ou carne,2,xícaras,"tomates, amassados",1,xícara,"cenouras, picadas",1,,"cebola, picada",1,xícara,"aipo, picado",1,colher de chá,alho em pó,1,colher de chá,orégano,1,colher de chá,cominho,1,colher de sopa,pimenta em pó,1,xícara,molho de tomate,1/2,xícara,arroz instantâneo,Sopas,
Sopa Minestrone,"Doure a carne moída e as cebolas. Adicione todos os outros ingredientes com água suficiente para cobrir. Cozinhe em fogo baixo por duas a três horas, depois adicione o espaguete e cozinhe até ficar macio.",1,libra,carne moída,4,,"batatas, em cubos",1,grande,"cebola, picada",6,,"cenouras, em cubos",3,,"talos de aipo, picados",1,lata,feijão vermelho,1,pacote,espinafre congelado,2,pequenas,"abobrinhas, em cubos",1/2,cabeça,"repolho, picado",1,"lata grande",tomates pelados,1,"lata grande",molho de tomate,1,pacote,mistura para molho de espaguete,1,punhado,espaguete quebrado,,,,,,,,,,,,,,,,,,,Sopas,
Sopa de Tortilha,"Corte 3 fatias finas do limão; reserve. Esprema 1 colher de chá de suco do limão restante; reserve. Em uma panela de 2 litros em fogo médio, em 1 colher de sopa de óleo quente, cozinhe a cebola, o cominho, o orégano e o alho até a cebola ficar macia. Adicione o caldo, a água, o tomate, as pimentas e o suco de limão reservado. Aqueça até ferver. Reduza o fogo para baixo e cozinhe por 10 minutos. Enquanto isso, corte as tortilhas em tiras finas. Em uma frigideira de 10 polegadas, aqueça 1/2 polegada de óleo a 375 graus. Frite as tiras de tortilha, algumas de cada vez, até ficarem crocantes. Retire para papel toalha para escorrer. Coloque várias tiras de tortilha em 3 tigelas. Despeje a sopa nas tigelas; polvilhe com queijo. Cubra com as fatias de limão reservadas e a alface. Sirva imediatamente.",1,,limão,,,óleo vegetal,1/2,xícara,"cebola, picada",1/2,colher de chá,cominho moído,1/8,colher de chá,"folhas de orégano picadas, amassadas",1,dente,"alho, picado",1,lata,caldo de galinha condensado Campbell's,1,"lata de sopa",água,1/2,xícara,"tomate, picado",1,"lata de 4 oz.",pimentas verdes picadas,3,,tortilhas de milho,,,"queijo monterey jack ou cheddar, ralado",1,xícara,"alface, desfiada",,,,,,,,,,,,,,,,,,,Sopas,
Frango e Camarão à Cantonesa,"Corte o frango em cubos de 1 polegada. Aqueça o óleo em fogo médio-alto em uma wok ou frigideira grande. Adicione o frango e o alho; refogue por 1 minuto e meio, mexendo. Adicione o camarão, a cebolinha, o pimentão, o aipo e a abobrinha. Cozinhe e mexa até o camarão ficar rosa, cerca de 2 minutos, depois adicione o caldo de galinha. Misture o amido de milho, o xerez, o molho de soja e o açúcar em uma tigela pequena. Adicione à mistura de frango e camarão e cozinhe, mexendo constantemente, até ferver. Continue a ferver por 1 minuto. Retire do fogo e sirva imediatamente sobre arroz cozido ou macarrão chinês. Rende 4 porções.",2,colheres de sopa,"óleo de amendoim ou vegetal",2,,"peitos de frango desossados e sem pele, cortados em pedaços de 1 polegada",1/2,xícara,"pimentão vermelho ou verde, cortado em tiras finas",1/2,xícara,"aipo, fatiado",13,onças,caldo de galinha,2,colheres de sopa,amido de milho,3,colheres de sopa,xerez,1,colher de sopa,molho de soja,1/2,colher de chá,açúcar,,,,,,,,,,,,,,,,,,,,,,,,,,,,,,,Pratos Principais,dishes-chicken-shrimp-cantonese
Frango com Abacaxi,"Marine o frango na mistura de xerez, molho de soja e amido de milho. Escorra, mas reserve a marinada.",1,,peito de frango desossado cortado em cubos de 1 polegada,1/4,xícara,xerez,1,colher de sopa,molho de soja,1,colher de sopa,amido de milho,1,xícara,"aipo, em pedaços pequenos",1,,cebola,1,xícara,cogumelo,1,xícara,pedaços de abacaxi,,,pimentão verde,,,,,,,,,,,,,,,,,,,,,,,,,,,,,,,Pratos Principais,dishes-chicken-pineapple
Carne Chinesa,"Corte o bife em tiras finas. Corte os tomates em quartos, corte o pimentão em pedaços grandes. Aqueça o óleo em uma frigideira. Adicione a carne, o alho amassado, o sal, a pimenta e o gengibre. Frite em fogo alto até dourar. Adicione o molho de soja e o açúcar. Tampe bem. Cozinhe lentamente por 5 minutos. Adicione os tomates, pimentões e brotos de feijão. Leve para ferver, tampe e cozinhe rapidamente por 5 minutos. Faça uma pasta lisa com amido de milho e água. Adicione à carne. Cozinhe até o molho engrossar um pouco. Mexa ocasionalmente.",2,libras,fraldinha,2,,tomates,2,,pimentões verdes,2,colheres de sopa,azeite de oliva,1,dente,alho,1,colher de chá,sal,,,pimenta,1/2,colher de chá,gengibre moído,1/2,xícara,molho de soja,1/2,colher de chá,açúcar,1,libra,brotos de feijão,1,colher de sopa,amido de milho,1/2,xícara,água,,,,,,,,,,,,,,,,,,,Pratos Principais,dishes-chinese-meat
Brócolis Chinês,"Cozinhe o brócolis no vapor. Misture o caranguejo ou camarão na clara de ovo batida. Refogue o caranguejo ou camarão com cogumelos frescos, caldo e molho de soja. Despeje sobre o brócolis.",,,florzinhas de brócolis,,,caranguejo ou camarão,,,clara de ovo batida,,,cogumelos frescos,1/4,xícara,caldo de galinha,1,colher de chá,molho de soja,,,,,,,,,,,,,,,,,,,,,,,,,,,,,,,,,,,,,,,,Pratos Principais,
Salada de Frango Chinesa,"Misture o molho de soja, o xerez, a água, a casca de laranja e o anis. Cozinhe em fogo baixo por 10 minutos para fazer a marinada. Cozinhe os peitos de frango em fogo baixo por 10 a 15 minutos. Esfrie no líquido. Desfie. Misture o frango desfiado, as cebolas e a alface. Sirva sobre macarrão de arroz que foi cozido em óleo quente em uma wok.",1,xícara,molho de soja,1/2,xícara,xerez seco,1,xícara,água,1,,casca de laranja,2,estrelas,anis,2,,"peito de frango, cozido por 15 minutos","4 a 6",,cebolinhas em tiras,1/2,cabeça,alface em tiras,,,,,,,,,,,,,,,,,,,,,,,,,,,,,,,,,,Pratos Principais,
Arroz Frito Chinês,"Refogue a cebola e a carne no óleo. Adicione os outros ingredientes, exceto o ovo. Cozinhe em fogo baixo por cerca de 15 a 20 minutos. Bata o ovo com uma colher de sopa de leite. Derreta a manteiga em uma frigideira, despeje o ovo e cozinhe até solidificar. Fatie em tiras finas para colocar sobre o arroz como guarnição no prato.",1/2,xícara,"presunto, porco ou frango em cubos",2,colheres de sopa,óleo,"3 onças",cogumelos fatiados (opcional),1/2,xícara,cebolinha picada,1,quarto,arroz cozido frio,"2 a 3",colheres de sopa,molho de soja,1,,ovo,1,colher de sopa,leite,,,,,,,,,,,,,,,,,,,,,,,,,,,,,,,,,,,Pratos Principais,
Bife com Pimentão Chinês,"Congele parcialmente o bife e corte em tiras finas. Combine o amido de milho, o açúcar, o gengibre e o molho de soja. Despeje sobre a carne e mexa. Corte os pimentões em tiras finas. Doure rapidamente a carne em óleo quente e retire. Adicione o pimentão verde, a cebola e o alho. Adicione água. Cozinhe por 5 a 6 minutos. Incorpore a carne, os tomates e o xerez. Sirva sobre o arroz.",1,libra,"bife redondo, com 1 polegada de espessura",1,colher de sopa,amido de milho,1/2,colher de chá,açúcar,1/4,colher de chá,gengibre,1/4,xícara,molho de soja,2,,pimentões,2,,cebolas,3,colheres de sopa,óleo,1,dente,alho,1/4,"lata",água,8,,"tomates, cortados ao meio",2,colheres de sopa,xerez seco,,,,,,,,,,,,,,,,,,,,,,Pratos Principais,
Porco Assado Chinês,"Misture o açúcar, o sal, o mel, o molho de soja e o caldo. Corte a carne de porco no sentido do comprimento e deixe de molho na marinada por 45 minutos, virando. Coloque em uma grelha em uma assadeira. Adicione algumas colheres de sopa de água para evitar fumaça. Asse a 350 graus por 1 hora e 15 minutos, virando ocasionalmente.",4,colheres de chá,açúcar,1,colher de chá,sal,4,colheres de chá,mel,3,colheres de chá,molho de soja,3,colheres de sopa,caldo de galinha,2,libras,copa-lombo ou ombro de porco fresco,,,,,,,,,,,,,,,,,,,,,,,,,,,,,,,,,,,,,,,,Pratos Principais,
Frango Chinês Salteado com Amendoim,"Misture o xerez e o amido de milho. Envolva o frango para cobrir. Leve à geladeira por 2 a 4 horas. Aqueça 2 colheres de sopa de óleo em fogo alto. Adicione o gengibre. Cozinhe por 15 segundos, mexendo constantemente. Adicione o pimentão. Salteie por 2 minutos. Adicione a cebola. Salteie por 1 minuto. Transfira para uma tigela. Adicione o resto do óleo. Adicione o frango e a pimenta vermelha. Salteie por 2 minutos até o frango perder a cor rosa e ficar branco. Adicione os amendoins, os legumes cozidos e a mistura de molho de soja (molho de soja, água e amido de milho). Leve a fervura, mexendo constantemente até engrossar. Sirva imediatamente, descarte o gengibre. Sirva com arroz.",1,colher de sopa,xerez seco,1,colher de sopa,amido de milho,1,libra,"frango desossado, cortado em cubos",4,colheres de chá,óleo vegetal,"fatia de 1/8",raiz de gengibre,2,,pimentões verdes,12,,cebolinhas,1/4,colher de chá,pimenta vermelha esmagada,1/2,xícara,amendoim sem sal,1/3,xícara,molho de soja,1/2,xícara,água,1,colher de sopa,amido de milho,,,,,,,,,,,,,,,,,,,,,,,Pratos Principais,